{"cameraMode":{"drawMode":0,"name":"Shaded","section":"Shading Mode"},"sceneLighting":true,"audioPlay":false,"sceneViewState":{"showFog":true,"showMaterialUpdate":false,"showSkybox":true,"showFlares":true,"showImageEffects":true,"showParticleSystems":true},"in2DMode":false,"pivot":{"x":3.457814931869507,"y":1.5074241161346436,"z":1.4292516708374024},"rotation":{"x":0.2178327590227127,"y":-0.16595818102359773,"z":0.03761676698923111,"w":0.9610371589660645},"size":3.712507486343384,"orthographic":false}