{"cameraMode":{"drawMode":0,"name":"Shaded","section":"Shading Mode"},"sceneLighting":false,"audioPlay":false,"sceneViewState":{"showFog":true,"showMaterialUpdate":false,"showSkybox":false,"showFlares":true,"showImageEffects":true,"showParticleSystems":true},"in2DMode":false,"pivot":{"x":0.0,"y":0.6000000238418579,"z":33.74150085449219},"rotation":{"x":-0.26121148467063906,"y":0.015054834075272084,"z":-0.00407434580847621,"w":-0.9651567339897156},"size":3.4220235347747804,"orthographic":false}