{"cameraMode":{"drawMode":0,"name":"Shaded","section":"Shading Mode"},"sceneLighting":true,"audioPlay":false,"sceneViewState":{"showFog":true,"showMaterialUpdate":false,"showSkybox":false,"showFlares":true,"showImageEffects":true,"showParticleSystems":true},"in2DMode":false,"pivot":{"x":594.4999389648438,"y":408.79998779296877,"z":10.065244674682618},"rotation":{"x":-0.26121148467063906,"y":0.015054834075272084,"z":-0.00407434580847621,"w":-0.9651567339897156},"size":2424.013916015625,"orthographic":false}