{"cameraMode":{"drawMode":0,"name":"Shaded","section":"Shading Mode"},"sceneLighting":false,"audioPlay":false,"sceneViewState":{"showFog":true,"showMaterialUpdate":false,"showSkybox":false,"showFlares":true,"showImageEffects":true,"showParticleSystems":true},"in2DMode":false,"pivot":{"x":-3.8199996948242189,"y":0.6000000238418579,"z":32.70500183105469},"rotation":{"x":-0.020950332283973695,"y":-0.5836102366447449,"z":0.015068345703184605,"w":-0.8116311430931091},"size":3.437744617462158,"orthographic":false}