{"cameraMode":{"drawMode":0,"name":"Shaded","section":"Shading Mode"},"sceneLighting":true,"audioPlay":false,"sceneViewState":{"showFog":true,"showMaterialUpdate":false,"showSkybox":true,"showFlares":true,"showImageEffects":true,"showParticleSystems":true},"in2DMode":false,"pivot":{"x":-10.003820419311524,"y":11.093700408935547,"z":21.256481170654298},"rotation":{"x":-0.44234514236450198,"y":-0.17763128876686097,"z":0.08985327929258347,"w":-0.8744741082191467},"size":19.6892032623291,"orthographic":false}