{"cameraMode":{"drawMode":0,"name":"Shaded","section":"Shading Mode"},"sceneLighting":false,"audioPlay":false,"sceneViewState":{"showFog":true,"showMaterialUpdate":false,"showSkybox":false,"showFlares":true,"showImageEffects":true,"showParticleSystems":true},"in2DMode":false,"pivot":{"x":-3.8199996948242189,"y":0.6000000238418579,"z":32.970001220703128},"rotation":{"x":-0.31185778975486758,"y":0.21330542862415315,"z":-0.07206518948078156,"w":-0.9230666160583496},"size":2.2578835487365724,"orthographic":false}