{"cameraMode":{"drawMode":0,"name":"Shaded","section":"Shading Mode"},"sceneLighting":true,"audioPlay":false,"sceneViewState":{"showFog":true,"showMaterialUpdate":false,"showSkybox":true,"showFlares":true,"showImageEffects":true,"showParticleSystems":true},"in2DMode":false,"pivot":{"x":507.7804870605469,"y":359.94970703125,"z":-22.474428176879884},"rotation":{"x":-0.03480196371674538,"y":-0.006898598745465279,"z":0.00024023321748245507,"w":-0.9993707537651062},"size":1290.356201171875,"orthographic":false}