{"cameraMode":{"drawMode":0,"name":"Shaded","section":"Shading Mode"},"sceneLighting":false,"audioPlay":false,"sceneViewState":{"showFog":true,"showMaterialUpdate":false,"showSkybox":false,"showFlares":true,"showImageEffects":true,"showParticleSystems":true},"in2DMode":false,"pivot":{"x":-3.319999933242798,"y":0.6000000238418579,"z":22.76994514465332},"rotation":{"x":-0.31185778975486758,"y":0.21330542862415315,"z":-0.07206518948078156,"w":-0.9230666160583496},"size":1.4289418458938599,"orthographic":false}