{"cameraMode":{"drawMode":0,"name":"Shaded","section":"Shading Mode"},"sceneLighting":false,"audioPlay":false,"sceneViewState":{"showFog":true,"showMaterialUpdate":false,"showSkybox":false,"showFlares":true,"showImageEffects":true,"showParticleSystems":true},"in2DMode":false,"pivot":{"x":0.0,"y":0.6000000238418579,"z":33.74150085449219},"rotation":{"x":-0.024296732619404794,"y":-0.029389649629592897,"z":0.0007146019488573074,"w":-0.9992736577987671},"size":3.4220235347747804,"orthographic":false}