{"cameraMode":{"drawMode":0,"name":"Shaded","section":"Shading Mode"},"sceneLighting":false,"audioPlay":false,"sceneViewState":{"showFog":true,"showMaterialUpdate":false,"showSkybox":false,"showFlares":true,"showImageEffects":true,"showParticleSystems":true},"in2DMode":false,"pivot":{"x":-3.8199996948242189,"y":0.6000000238418579,"z":32.970001220703128},"rotation":{"x":-0.1633569747209549,"y":-0.11896426230669022,"z":0.01984751969575882,"w":-0.9791700839996338},"size":2.8578834533691408,"orthographic":false}