{"cameraMode":{"drawMode":0,"name":"Shaded","section":"Shading Mode"},"sceneLighting":true,"audioPlay":false,"sceneViewState":{"showFog":true,"showMaterialUpdate":false,"showSkybox":true,"showFlares":true,"showImageEffects":true,"showParticleSystems":true},"in2DMode":false,"pivot":{"x":247.06069946289063,"y":600.3113403320313,"z":78.62307739257813},"rotation":{"x":-0.10043387115001679,"y":-0.0635351613163948,"z":0.006427112501114607,"w":-0.9928949475288391},"size":555.6376342773438,"orthographic":false}