{"cameraMode":{"drawMode":0,"name":"Shaded","section":"Shading Mode"},"sceneLighting":false,"audioPlay":false,"sceneViewState":{"showFog":true,"showMaterialUpdate":false,"showSkybox":false,"showFlares":true,"showImageEffects":true,"showParticleSystems":true},"in2DMode":false,"pivot":{"x":-3.8199996948242189,"y":0.6000000238418579,"z":32.970001220703128},"rotation":{"x":-0.16157083213329316,"y":0.3142588138580322,"z":-0.054368410259485248,"w":-0.933906078338623},"size":2.8578834533691408,"orthographic":false}