{"cameraMode":{"drawMode":0,"name":"Shaded","section":"Shading Mode"},"sceneLighting":false,"audioPlay":false,"sceneViewState":{"showFog":true,"showMaterialUpdate":false,"showSkybox":false,"showFlares":true,"showImageEffects":true,"showParticleSystems":true},"in2DMode":false,"pivot":{"x":0.0,"y":0.6000000238418579,"z":33.724998474121097},"rotation":{"x":-0.21640658378601075,"y":0.18669821321964265,"z":-0.042202483862638476,"w":-0.9573570489883423},"size":3.4620513916015627,"orthographic":false}